code,name,region
CTY00001,旧シナニキケ,オセアニア
CTY00002,旧ヌエオスア,オセアニア
CTY00003,旧チオニアエ,アフリカ
CTY00004,旧セセイノチ,アフリカ
CTY00005,旧テウノネテ,南米
CTY00006,旧キトソノチ,ヨーロッパ
CTY00007,旧ウイナナヌ,アフリカ
CTY00008,旧ナナノヌウ,南米
CTY00009,旧ノノオアテ,南米
CTY00010,旧ネシカコキ,アフリカ
CTY00011,旧ニソイシナ,オセアニア
CTY00012,旧クシカオク,ヨーロッパ
CTY00013,旧キクテテク,ヨーロッパ
CTY00014,旧スネタケエ,オセアニア
CTY00015,旧サウネナケ,アジア
CTY00016,旧カコアキサ,南米
CTY00017,旧イコカアテ,アジア
CTY00018,旧ナナノクオ,オセアニア
CTY00019,旧エシヌテサ,南米
CTY00020,旧シウツニセ,ヨーロッパ
CTY00021,旧チスクキト,アジア
CTY00022,旧クニチニサ,南米
CTY00023,旧サチクセク,ヨーロッパ
CTY00024,旧コクアイア,北米
CTY00025,旧オソタスセ,南米
CTY00026,旧アケチセノ,アフリカ
CTY00027,旧タクタニサ,南米
CTY00028,旧ウエヌチケ,オセアニア
CTY00029,旧キネネエエ,南米
CTY00030,旧トテノシケ,アフリカ
CTY00031,旧クオクナキ,アフリカ
CTY00032,旧テナコイサ,南米
CTY00033,旧カケタサチ,オセアニア
CTY00034,旧エアテツア,南米
CTY00035,旧キクカコキ,オセアニア
CTY00036,旧チノコヌチ,ヨーロッパ
CTY00037,旧ソテトツセ,オセアニア
CTY00038,旧カオノニナ,アジア
CTY00039,旧キキシケノ,ヨーロッパ
CTY00040,旧イセセネニ,アジア
CTY00041,旧シトキスカ,アフリカ
CTY00042,旧ヌエウセサ,オセアニア
CTY00043,旧チコキネサ,アフリカ
CTY00044,旧タツネシイ,北米
CTY00045,旧ネシソチケ,ヨーロッパ
CTY00046,旧トイニセタ,アジア
CTY00047,旧トテセクタ,南米
CTY00048,旧ノヌツケサ,アフリカ
CTY00049,旧オナキクツ,ヨーロッパ
CTY00050,旧アコネセタ,アジア
CTY00051,旧セノセエク,アジア
CTY00052,旧ヌウニネコ,アジア
CTY00053,旧サササイテ,アジア
CTY00054,旧ノシケエナ,アフリカ
CTY00055,旧コトソツア,南米
CTY00056,旧エオススア,南米
CTY00057,旧セテカニケ,ヨーロッパ
CTY00058,旧エタアササ,ヨーロッパ
CTY00059,旧キケトカウ,南米
CTY00060,旧オテツネチ,ヨーロッパ
CTY00061,旧ソアサノツ,アジア
CTY00062,旧シキウイク,ヨーロッパ
CTY00063,旧ネケソテエ,ヨーロッパ
CTY00064,旧ケオネニニ,アジア
CTY00065,旧テアクツテ,オセアニア
CTY00066,旧ツソチチオ,アフリカ
CTY00067,旧アウナクキ,ヨーロッパ
CTY00068,旧イコアシコ,南米
CTY00069,旧サセケエヌ,アフリカ
CTY00070,旧コアノキヌ,アジア
CTY00071,旧コクスセコ,アジア
CTY00072,旧キニヌネソ,南米
CTY00073,旧ナトエイシ,北米
CTY00074,旧チアテスエ,南米
CTY00075,旧セテクソナ,北米
CTY00076,旧コシツキス,南米
CTY00077,旧オシチコシ,オセアニア
CTY00078,旧スエイイテ,ヨーロッパ
CTY00079,旧スオテケイ,南米
CTY00080,旧イカケソヌ,南米
CTY00081,旧ケカサソサ,アフリカ
CTY00082,旧クヌテニキ,アフリカ
CTY00083,旧スヌチテエ,南米
CTY00084,旧ナトウテヌ,オセアニア
CTY00085,旧タオシテソ,北米
CTY00086,旧セスイカソ,オセアニア
CTY00087,旧カイニテテ,オセアニア
CTY00088,旧オアテトノ,北米
CTY00089,旧スチイツト,アフリカ
CTY00090,旧ナイヌケカ,アジア
CTY00091,旧セサオイイ,アフリカ
CTY00092,旧ウテイセネ,北米
CTY00093,旧テシチクイ,アフリカ
CTY00094,旧ソノセクツ,アフリカ
CTY00095,旧セテニチタ,アフリカ
CTY00096,旧ウヌチチヌ,アフリカ
CTY00097,旧イネナノア,北米
CTY00098,旧ニチサタナ,北米
CTY00099,旧ソクコクク,南米
CTY00100,旧ツセイケイ,ヨーロッパ
CTY00101,旧オアネトソ,オセアニア
CTY00102,旧カコイセキ,ヨーロッパ
CTY00103,旧サチソタウ,北米
CTY00104,旧セカトスヌ,南米
CTY00105,旧テサノキサ,オセアニア
CTY00106,旧テニキイク,北米
CTY00107,旧スクセアカ,ヨーロッパ
CTY00108,旧カナトカク,アフリカ
CTY00109,旧タシイケケ,ヨーロッパ
CTY00110,旧ノシソサス,アジア
CTY00111,旧ウチウネツ,南米
CTY00112,旧カノナノツ,南米
CTY00113,旧サノアイア,アフリカ
CTY00114,旧シカオテテ,アフリカ
CTY00115,旧ナキヌスネ,オセアニア
CTY00116,旧ツスソキネ,アフリカ
CTY00117,旧セタケトニ,アフリカ
CTY00118,旧セイアタコ,アフリカ
CTY00119,旧ネコセキエ,オセアニア
CTY00120,旧セシネウテ,オセアニア
CTY00121,旧ナノセネコ,北米
CTY00122,旧ケニトウネ,ヨーロッパ
CTY00123,旧シアクセニ,アフリカ
CTY00124,旧トツエネテ,オセアニア
CTY00125,旧チカイスウ,アフリカ
CTY00126,旧ヌセウイノ,アフリカ
CTY00127,旧ノサテネス,ヨーロッパ
CTY00128,旧ネアコタテ,オセアニア
CTY00129,旧テクオナク,ヨーロッパ
CTY00130,旧ネケソナテ,アジア
CTY00131,旧ナチテトコ,北米
CTY00132,旧テシナセエ,北米
CTY00133,旧アキウカス,オセアニア
CTY00134,旧ツオテソソ,アフリカ
CTY00135,旧ニセシスナ,南米
CTY00136,旧カセネオト,北米
CTY00137,旧ケエソカコ,アジア
CTY00138,旧セナニサチ,オセアニア
CTY00139,旧コサネソコ,オセアニア
CTY00140,旧テノウテス,オセアニア
CTY00141,旧ケトアネト,アフリカ
CTY00142,旧カヌネソシ,南米
CTY00143,旧スノツツニ,オセアニア
CTY00144,旧ソイクツス,北米
CTY00145,旧アイエサス,アジア
CTY00146,旧タツケネケ,南米
CTY00147,旧ソイノシセ,南米
CTY00148,旧カコノトス,北米
CTY00149,旧テヌスノコ,アジア
CTY00150,旧スオヌツウ,ヨーロッパ
CTY00151,旧ウソソトチ,ヨーロッパ
CTY00152,旧スタテカチ,アフリカ
CTY00153,旧ケキチエソ,アフリカ
CTY00154,旧チネエケシ,アジア
CTY00155,旧テツセキツ,ヨーロッパ
CTY00156,旧トシテタウ,南米
CTY00157,旧セノタクト,ヨーロッパ
CTY00158,旧カニネオエ,北米
CTY00159,旧コテサオア,アジア
CTY00160,旧ケサツニオ,アジア
CTY00161,旧ツツクカト,北米
CTY00162,旧エツネスイ,北米
CTY00163,旧ノセヌオエ,南米
CTY00164,旧イアウセヌ,オセアニア
CTY00165,旧サヌトソス,南米
CTY00166,旧コアウソナ,オセアニア
CTY00167,旧ニチネオヌ,ヨーロッパ
CTY00168,旧チツスオセ,アフリカ
CTY00169,旧テエチツカ,アジア
CTY00170,旧ニエタツカ,南米
CTY00171,旧ヌシウカノ,ヨーロッパ
CTY00172,旧ヌツナチケ,北米
CTY00173,旧セウカエソ,アフリカ
CTY00174,旧ノナアカテ,北米
CTY00175,旧チウトナケ,ヨーロッパ
CTY00176,旧クネキコス,南米
CTY00177,旧キナナナク,南米
CTY00178,旧ケツノヌケ,ヨーロッパ
CTY00179,旧ケシセスタ,ヨーロッパ
CTY00180,旧クナセニノ,オセアニア
CTY00181,旧タオカウサ,北米
CTY00182,旧イトアシシ,ヨーロッパ
CTY00183,旧ニキカチセ,南米
CTY00184,旧スネセシコ,アフリカ
CTY00185,旧セエケクセ,アフリカ
CTY00186,旧ヌシセキオ,ヨーロッパ
CTY00187,旧セチツタニ,オセアニア
CTY00188,旧チトキノス,アジア
CTY00189,旧シコクタヌ,北米
CTY00190,旧イカエツノ,オセアニア
CTY00191,旧セエヌノツ,アジア
CTY00192,旧ネカナタケ,オセアニア
CTY00193,旧ツイナネツ,アジア
CTY00194,旧コクツキウ,アフリカ
CTY00195,旧イタクヌチ,北米
CTY00196,旧テイタテコ,オセアニア
CTY00197,旧タケウタキ,ヨーロッパ
CTY00198,旧ノコナシス,オセアニア
CTY00199,旧ススセキキ,ヨーロッパ
CTY00200,旧ノコナテス,南米
CTY00201,旧コウヌコノ,南米
CTY00202,旧シキソツソ,南米
CTY00203,旧トヌチエサ,アフリカ
CTY00204,旧シサネネシ,ヨーロッパ
CTY00205,旧タケコトト,南米
CTY00206,旧アサノチテ,ヨーロッパ
CTY00207,旧ケアコツク,北米
CTY00208,旧セキタスナ,オセアニア
CTY00209,旧タイカトサ,アジア
CTY00210,旧クセコヌシ,アジア
CTY00211,旧キスヌケノ,アフリカ
CTY00212,旧ツトシヌキ,オセアニア
CTY00213,旧ノサカテセ,アジア
CTY00214,旧シウニスネ,オセアニア
CTY00215,旧ケオコケエ,オセアニア
CTY00216,旧ノオニイウ,北米
CTY00217,旧サカサネシ,オセアニア
CTY00218,旧カコソキケ,ヨーロッパ
CTY00219,旧ケソネテセ,オセアニア
CTY00220,旧テカタヌイ,アフリカ
CTY00221,旧ナセテウテ,オセアニア
CTY00222,旧トネカスエ,アフリカ
CTY00223,旧タシソスト,アフリカ
CTY00224,旧ニシナエノ,ヨーロッパ
CTY00225,旧カツナエト,アジア
CTY00226,旧ククウカウ,アフリカ
CTY00227,旧テタカカエ,南米
CTY00228,旧エキスヌケ,北米
CTY00229,旧チエヌツヌ,アジア
CTY00230,旧サコサオサ,ヨーロッパ
CTY00231,旧エコキネキ,ヨーロッパ
CTY00232,旧オタウタソ,オセアニア
CTY00233,旧タノタオテ,アジア
CTY00234,旧ニケウタキ,南米
CTY00235,旧ナエネキク,南米
CTY00236,旧アナノアネ,アジア
CTY00237,旧ウケセキケ,アフリカ
CTY00238,旧カトノニウ,アジア
CTY00239,旧イウツセス,北米
CTY00240,旧アサツツナ,北米
CTY00241,旧イキニスチ,オセアニア
CTY00242,旧クニサケウ,アジア
CTY00243,旧イノノキチ,アフリカ
CTY00244,旧ヌテチテテ,北米
CTY00245,旧カツイテス,オセアニア
CTY00246,旧エウウスク,ヨーロッパ
CTY00247,旧ノテトオツ,オセアニア
CTY00248,旧コサヌセソ,アフリカ
CTY00249,旧ノシオスア,北米
CTY00250,旧ヌスソウウ,アジア
CTY00251,旧ケクセトス,アジア
CTY00252,旧エクケウコ,アフリカ
CTY00253,旧ウシイウア,ヨーロッパ
CTY00254,旧ウノクエノ,ヨーロッパ
CTY00255,旧チイニキチ,オセアニア
CTY00256,旧コイクチチ,アフリカ
CTY00257,旧オセセエタ,ヨーロッパ
CTY00258,旧クトツカタ,オセアニア
CTY00259,旧トコウシサ,アジア
CTY00260,旧ナノオチク,アジア
CTY00261,旧チナテエケ,北米
CTY00262,旧サアトウテ,アジア
CTY00263,旧カアキケス,アフリカ
CTY00264,旧サアソヌコ,オセアニア
CTY00265,旧ツケイコウ,アフリカ
CTY00266,旧ケウアチネ,オセアニア
CTY00267,旧ナタエコエ,ヨーロッパ
CTY00268,旧コチカカコ,アフリカ
CTY00269,旧ウチセキカ,ヨーロッパ
CTY00270,旧アイソシヌ,北米
CTY00271,旧ネアクウケ,ヨーロッパ
CTY00272,旧ケクイニソ,アフリカ
CTY00273,旧クノナエサ,アフリカ
CTY00274,旧ソチナニス,アジア
CTY00275,旧ノナヌノク,アフリカ
CTY00276,旧ケサオソカ,オセアニア
CTY00277,旧ヌナカスイ,ヨーロッパ
CTY00278,旧チチカサソ,オセアニア
CTY00279,旧ニタエコタ,北米
CTY00280,旧チツツアニ,北米
CTY00281,旧スオスキノ,北米
CTY00282,旧カソウケキ,オセアニア
CTY00283,旧トソナキサ,アフリカ
CTY00284,旧セノカキソ,ヨーロッパ
CTY00285,旧タニノニア,アジア
CTY00286,旧シケタタト,北米
CTY00287,旧クトエイシ,北米
CTY00288,旧カネカカサ,アジア
CTY00289,旧スウノタキ,オセアニア
CTY00290,旧アソノナヌ,ヨーロッパ
CTY00291,旧タウアトキ,ヨーロッパ
CTY00292,旧トカソヌキ,ヨーロッパ
CTY00293,旧ソネツソタ,南米
CTY00294,旧ソエスヌカ,オセアニア
CTY00295,旧ツノシコウ,ヨーロッパ
CTY00296,旧ソセチケソ,オセアニア
CTY00297,旧ウツナテノ,オセアニア
CTY00298,旧シオヌキコ,北米
CTY00299,旧エアヌケタ,ヨーロッパ
CTY00300,旧エカソナク,ヨーロッパ
CTY00301,旧トクカアノ,北米
CTY00302,旧ツサノノサ,北米
CTY00303,旧トアタニサ,アフリカ
CTY00304,旧ヌアキクソ,アジア
CTY00305,旧コキニセオ,アフリカ
CTY00306,旧ツトスセテ,アジア
CTY00307,旧ソツアスコ,アフリカ
CTY00308,旧ネウナソカ,北米
CTY00309,旧ノステネス,南米
CTY00310,旧ククカネケ,オセアニア
CTY00311,旧オサヌテニ,南米
CTY00312,旧ツネシエカ,南米
CTY00313,旧オネツテア,南米
CTY00314,旧エテカウソ,アフリカ
CTY00315,旧タツトシカ,南米
CTY00316,旧ウネウチヌ,アジア
CTY00317,旧ケセケクセ,南米
CTY00318,旧トウサツオ,南米
CTY00319,旧キトウエカ,南米
CTY00320,旧ニセキタケ,オセアニア
CTY00321,旧アナツケウ,北米
CTY00322,旧ツクアケセ,北米
CTY00323,旧ノノトノキ,オセアニア
CTY00324,旧ナヌイスシ,オセアニア
CTY00325,旧カイネアト,オセアニア
CTY00326,旧セシスケエ,アフリカ
CTY00327,旧ウカケアノ,ヨーロッパ
CTY00328,旧ヌタトソア,アフリカ
CTY00329,旧ウノコテト,アフリカ
CTY00330,旧ケナテツオ,アジア
CTY00331,旧ウウセナノ,南米
CTY00332,旧スヌナタケ,ヨーロッパ
CTY00333,旧コヌエケニ,アフリカ
CTY00334,旧アテオスシ,アフリカ
CTY00335,旧テエケセネ,ヨーロッパ
CTY00336,旧コセトネセ,北米
CTY00337,旧ネニナテシ,北米
CTY00338,旧カケスケソ,北米
CTY00339,旧チサコカネ,南米
CTY00340,旧タヌナアキ,アジア
CTY00341,旧イネノウヌ,北米
CTY00342,旧クネササノ,北米
CTY00343,旧ソオナサチ,オセアニア
CTY00344,旧ソネアケナ,アジア
CTY00345,旧コカテネノ,オセアニア
CTY00346,旧エタウクチ,北米
CTY00347,旧トソサケソ,アジア
CTY00348,旧トアソチテ,南米
CTY00349,旧アヌコキウ,ヨーロッパ
CTY00350,旧クタトネウ,オセアニア
CTY00351,旧ヌクタオタ,北米
CTY00352,旧タアイエナ,オセアニア
CTY00353,旧タカノスチ,アフリカ
CTY00354,旧アケチキケ,アジア
CTY00355,旧ニノニニツ,北米
CTY00356,旧スノシクト,南米
CTY00357,旧エクツウク,北米
CTY00358,旧シネイトエ,ヨーロッパ
CTY00359,旧アニイケイ,アフリカ
CTY00360,旧ニニチウナ,オセアニア
CTY00361,旧ツサソコケ,アジア
CTY00362,旧タタネキキ,南米
CTY00363,旧カシクニナ,南米
CTY00364,旧コソウノタ,アジア
CTY00365,旧タカテテク,アジア
CTY00366,旧ソカケイイ,南米
CTY00367,旧カイセコア,ヨーロッパ
CTY00368,旧ケツウソウ,南米
CTY00369,旧スネネソテ,オセアニア
CTY00370,旧ツオソケシ,北米
CTY00371,旧トネツエタ,南米
CTY00372,旧シクチタコ,ヨーロッパ
CTY00373,旧タウニサコ,ヨーロッパ
CTY00374,旧カアヌカセ,オセアニア
CTY00375,旧スウコヌシ,ヨーロッパ
CTY00376,旧ノナキウエ,北米
CTY00377,旧ウヌアネタ,アフリカ
CTY00378,旧サネアニサ,南米
CTY00379,旧オヌスエス,北米
CTY00380,旧タシタシア,南米
CTY00381,旧ニトアテサ,アフリカ
CTY00382,旧セサテシキ,南米
CTY00383,旧トチトチシ,北米
CTY00384,旧スツコナコ,ヨーロッパ
CTY00385,旧ネアノセス,アフリカ
CTY00386,旧クエキキク,オセアニア
CTY00387,旧オセエウツ,アフリカ
CTY00388,旧スナアタエ,オセアニア
CTY00389,旧ソナシクウ,アジア
CTY00390,旧ソコアカカ,アジア
CTY00391,旧カコテコエ,ヨーロッパ
CTY00392,旧ニサチオナ,オセアニア
CTY00393,旧シチタクウ,アジア
CTY00394,旧オキタキセ,アフリカ
CTY00395,旧ケカトナク,北米
CTY00396,旧アクツセカ,南米
CTY00397,旧キイウタテ,アジア
CTY00398,旧ノツナオセ,アジア
CTY00399,旧スイニウソ,南米
CTY00400,旧ナエネササ,オセアニア
CTY00401,旧ナノテカツ,ヨーロッパ
CTY00402,旧タコイシサ,北米
CTY00403,旧コニセニセ,北米
CTY00404,旧ネソサチツ,アジア
CTY00405,旧トウトカサ,ヨーロッパ
CTY00406,旧サネネチネ,ヨーロッパ
CTY00407,旧エケイスク,オセアニア
CTY00408,旧カキノテナ,ヨーロッパ
CTY00409,旧ネネテケス,アジア
CTY00410,旧ノシサチオ,アフリカ
CTY00411,旧ツノカササ,ヨーロッパ
CTY00412,旧エオタエサ,ヨーロッパ
CTY00413,旧セコカイヌ,南米
CTY00414,旧トツケウノ,オセアニア
CTY00415,旧ノチテノチ,オセアニア
CTY00416,旧ソキノチニ,ヨーロッパ
CTY00417,旧ウネコソソ,アジア
CTY00418,旧ケシナソイ,ヨーロッパ
CTY00419,旧ニスソシカ,アジア
CTY00420,旧エノキイコ,オセアニア
CTY00421,旧スサカサク,アフリカ
CTY00422,旧カオシニイ,ヨーロッパ
CTY00423,旧コシクニソ,オセアニア
CTY00424,旧シチキサノ,北米
CTY00425,旧クニヌネタ,アフリカ
CTY00426,旧エナノシサ,アジア
CTY00427,旧セタタツノ,南米
CTY00428,旧ケオオアソ,アジア
CTY00429,旧ノオネウク,南米
CTY00430,旧カチセサソ,アフリカ
CTY00431,旧ノニタアソ,北米
CTY00432,旧ソチカテタ,アフリカ
CTY00433,旧ナカスキコ,ヨーロッパ
CTY00434,旧タオスイイ,アジア
CTY00435,旧ソクテオネ,ヨーロッパ
CTY00436,旧クコトケト,ヨーロッパ
CTY00437,旧タイセチネ,南米
CTY00438,旧チツチケチ,アジア
CTY00439,旧アトニチヌ,アフリカ
CTY00440,旧カツツチソ,南米
CTY00441,旧イヌニウシ,アフリカ
CTY00442,旧イトツサチ,オセアニア
CTY00443,旧シチクノア,南米
CTY00444,旧タイツアア,南米
CTY00445,旧イタヌケニ,南米
CTY00446,旧コセテアサ,北米
CTY00447,旧ツトソシノ,オセアニア
CTY00448,旧セニソケケ,ヨーロッパ
CTY00449,旧ナシオカセ,南米
CTY00450,旧スシサトソ,アジア
CTY00451,旧サテシタノ,南米
CTY00452,旧カシクニセ,アフリカ
CTY00453,旧スコツソチ,オセアニア
CTY00454,旧ネニネタエ,ヨーロッパ
CTY00455,旧ニシツキト,オセアニア
CTY00456,旧イトノソト,ヨーロッパ
CTY00457,旧ツコエナネ,北米
CTY00458,旧ヌコナナツ,アフリカ
CTY00459,旧ウノウセウ,オセアニア
CTY00460,旧カエニオウ,ヨーロッパ
CTY00461,旧オスニツイ,南米
CTY00462,旧ナヌカソヌ,アフリカ
CTY00463,旧ククトタツ,アフリカ
CTY00464,旧ナセニアツ,アジア
CTY00465,旧エイケケケ,南米
CTY00466,旧ソテナタチ,アフリカ
CTY00467,旧チキネソソ,アフリカ
CTY00468,旧タセカウツ,アジア
CTY00469,旧セコトスナ,アフリカ
CTY00470,旧コケツコオ,アフリカ
CTY00471,旧サツセチシ,ヨーロッパ
CTY00472,旧ケセカココ,アジア
CTY00473,旧カヌサネセ,アフリカ
CTY00474,旧ナクオチア,南米
CTY00475,旧チセウクセ,北米
CTY00476,旧エアネヌセ,アフリカ
CTY00477,旧エコセイエ,アジア
CTY00478,旧コカセニテ,アジア
CTY00479,旧スオエケセ,南米
CTY00480,旧サニニシソ,ヨーロッパ
CTY00481,旧オソタノカ,アフリカ
CTY00482,旧ウストネオ,南米
CTY00483,旧チノオキキ,北米
CTY00484,旧オサテネト,南米
CTY00485,旧シニケチタ,南米
CTY00486,旧カニカアタ,ヨーロッパ
CTY00487,旧ツオソサセ,南米
CTY00488,旧テサツウサ,南米
CTY00489,旧ウアソキニ,アフリカ
CTY00490,旧ケナオツコ,アジア
CTY00491,旧ウイキサテ,南米
CTY00492,旧タクタウト,南米
CTY00493,旧ヌノシウア,ヨーロッパ
CTY00494,旧アチノキオ,ヨーロッパ
CTY00495,旧クサノソツ,アジア
CTY00496,旧クナヌナキ,北米
CTY00497,旧チクイサソ,アジア
CTY00498,旧ウセウアカ,ヨーロッパ
CTY00499,旧ニセコテシ,ヨーロッパ
CTY00500,旧エオテソノ,オセアニア
CTY00501,旧シオツエテ,オセアニア
CTY00502,旧ネカノサニ,ヨーロッパ
CTY00503,旧ネケカコシ,ヨーロッパ
CTY00504,旧ケシサテシ,北米
CTY00505,旧ヌアキカセ,ヨーロッパ
CTY00506,旧オテアサニ,アフリカ
CTY00507,旧アスツヌコ,南米
CTY00508,旧アクセアニ,ヨーロッパ
CTY00509,旧ノオタステ,北米
CTY00510,旧クキツトカ,ヨーロッパ
CTY00511,旧ヌコネソツ,アフリカ
CTY00512,旧ケサセナケ,アフリカ
CTY00513,旧イツシチノ,アフリカ
CTY00514,旧イキソニツ,北米
CTY00515,旧タトヌタケ,アフリカ
CTY00516,旧タシネトテ,アジア
CTY00517,旧キコエトセ,アジア
CTY00518,旧トヌシエオ,南米
CTY00519,旧キケソソタ,アジア
CTY00520,旧コイタトク,南米
CTY00521,旧オストツチ,ヨーロッパ
CTY00522,旧シケトソチ,南米
CTY00523,旧ノウヌチセ,オセアニア
CTY00524,旧チサセヌニ,オセアニア
CTY00525,旧ウクシセナ,アジア
CTY00526,旧チケネクセ,北米
CTY00527,旧イスサコヌ,南米
CTY00528,旧イクノウオ,ヨーロッパ
CTY00529,旧チエセノチ,アジア
CTY00530,旧ヌネツケノ,ヨーロッパ
CTY00531,旧スノアウナ,北米
CTY00532,旧カサノコツ,北米
CTY00533,旧スコチスコ,アジア
CTY00534,旧ツノソノキ,南米
CTY00535,旧エウヌナネ,アジア
CTY00536,旧チアイウス,アジア
CTY00537,旧タスウサト,ヨーロッパ
CTY00538,旧タヌシセセ,アフリカ
CTY00539,旧テアタソア,アフリカ
CTY00540,旧ウイコテサ,北米
CTY00541,旧ニコナオク,南米
CTY00542,旧タツツチカ,北米
CTY00543,旧サアカイウ,ヨーロッパ
CTY00544,旧ナスオセケ,アジア
CTY00545,旧ノノタネコ,アジア
CTY00546,旧エトイキコ,ヨーロッパ
CTY00547,旧ニケソソケ,南米
CTY00548,旧キスノキサ,ヨーロッパ
CTY00549,旧テナネケエ,ヨーロッパ
CTY00550,旧スニニカイ,オセアニア
CTY00551,旧スキテツカ,アジア
CTY00552,旧タイソテキ,オセアニア
CTY00553,旧トタコシコ,アジア
CTY00554,旧カコエキイ,南米
CTY00555,旧イケトニタ,北米
CTY00556,旧チツイイト,南米
CTY00557,旧スニニタネ,ヨーロッパ
CTY00558,旧チシイセテ,オセアニア
CTY00559,旧ウククカト,北米
CTY00560,旧スカヌチオ,アフリカ
CTY00561,旧クコトクエ,オセアニア
CTY00562,旧タトナスチ,アジア
CTY00563,旧サイウオニ,北米
CTY00564,旧タセアケキ,北米
CTY00565,旧ソテコエノ,オセアニア
CTY00566,旧ネイオキケ,北米
CTY00567,旧ソセネソセ,ヨーロッパ
CTY00568,旧カシヌカテ,北米
CTY00569,旧オニネサソ,オセアニア
CTY00570,旧オタイウオ,南米
CTY00571,旧チツトアソ,アフリカ
CTY00572,旧シカイノツ,南米
CTY00573,旧ナエシアエ,ヨーロッパ
CTY00574,旧ニカオウシ,アフリカ
CTY00575,旧トウテナサ,北米
CTY00576,旧キコスオオ,オセアニア
CTY00577,旧ウヌイツセ,北米
CTY00578,旧エスカケキ,ヨーロッパ
CTY00579,旧エウキスタ,アジア
CTY00580,旧カケエアエ,アジア
CTY00581,旧ケソウナサ,南米
CTY00582,旧ウウキツサ,南米
CTY00583,旧ウコナトニ,南米
CTY00584,旧ニノエノカ,アフリカ
CTY00585,旧シヌテクセ,オセアニア
CTY00586,旧アウカチア,北米
CTY00587,旧ネセノヌチ,アフリカ
CTY00588,旧ネヌオケニ,ヨーロッパ
CTY00589,旧スオウケコ,南米
CTY00590,旧ネノソタコ,ヨーロッパ
CTY00591,旧アニウエオ,アフリカ
CTY00592,旧キイサスシ,ヨーロッパ
CTY00593,旧サテノオチ,アジア
CTY00594,旧スイネセク,アフリカ
CTY00595,旧スウツクキ,北米
CTY00596,旧ノツニエサ,アジア
CTY00597,旧サイノチサ,アフリカ
CTY00598,旧チノククイ,アジア
CTY00599,旧ヌキツテネ,北米
CTY00600,旧ツキウタト,アジア
CTY00601,旧コトツセエ,オセアニア
CTY00602,旧イイオネナ,ヨーロッパ
CTY00603,旧ヌタテアシ,南米
CTY00604,旧ヌヌツネオ,ヨーロッパ
CTY00605,旧ツタセネツ,アフリカ
CTY00606,旧ヌエタアオ,アフリカ
CTY00607,旧テイタトコ,南米
CTY00608,旧アアクイイ,オセアニア
CTY00609,旧アクイアエ,南米
CTY00610,旧キカアトキ,アジア
CTY00611,旧ナコスネシ,北米
CTY00612,旧スイコキサ,北米
CTY00613,旧カイクイア,アジア
CTY00614,旧シノノササ,アジア
CTY00615,旧ケオコヌオ,オセアニア
CTY00616,旧ケカシケコ,ヨーロッパ
CTY00617,旧ナサスチチ,オセアニア
CTY00618,旧タトシスチ,アフリカ
CTY00619,旧テココソキ,北米
CTY00620,旧イチキステ,ヨーロッパ
CTY00621,旧ソサキケソ,南米
CTY00622,旧チヌツセノ,アジア
CTY00623,旧キテセタシ,オセアニア
CTY00624,旧ケコナエチ,南米
CTY00625,旧シサステキ,オセアニア
CTY00626,旧イコチナシ,アフリカ
CTY00627,旧アオシイセ,南米
CTY00628,旧ノコキテコ,南米
CTY00629,旧ヌシアチト,アジア
CTY00630,旧オクキウウ,オセアニア
CTY00631,旧キセトノア,アフリカ
CTY00632,旧チニアオソ,アジア
CTY00633,旧チアシスス,オセアニア
CTY00634,旧セトカトタ,北米
CTY00635,旧テキニシア,ヨーロッパ
CTY00636,旧スネソケキ,アジア
CTY00637,旧オコチオセ,アフリカ
CTY00638,旧タケアチネ,南米
CTY00639,旧ヌアカテセ,北米
CTY00640,旧ウタオソイ,アジア
CTY00641,旧スシソクウ,南米
CTY00642,旧ネアソトセ,南米
CTY00643,旧セシソシナ,南米
CTY00644,旧テチケカケ,オセアニア
CTY00645,旧ネシイカキ,アジア
CTY00646,旧コシチタウ,アジア
CTY00647,旧ソスサオキ,南米
CTY00648,旧ソストスツ,南米
CTY00649,旧シスイカナ,北米
CTY00650,旧イキエナコ,ヨーロッパ
CTY00651,旧コイソノソ,北米
CTY00652,旧チウアヌス,ヨーロッパ
CTY00653,旧アウネキス,オセアニア
CTY00654,旧シヌネイカ,アジア
CTY00655,旧ソヌネテナ,ヨーロッパ
CTY00656,旧タクシネサ,アジア
CTY00657,旧タネケケヌ,アジア
CTY00658,旧コナシスウ,アジア
CTY00659,旧テセケソセ,オセアニア
CTY00660,旧ニニツノテ,アフリカ
CTY00661,旧タイネニク,南米
CTY00662,旧ウオタトケ,アフリカ
CTY00663,旧クネヌシイ,オセアニア
CTY00664,旧セオタテイ,アジア
CTY00665,旧イノチテナ,アフリカ
CTY00666,旧ナネネツコ,北米
CTY00667,旧カキニオネ,南米
CTY00668,旧テテヌノキ,北米
CTY00669,旧ニウチコチ,アジア
CTY00670,旧イアチキス,アフリカ
CTY00671,旧ツイソチヌ,アフリカ
CTY00672,旧クニコスセ,ヨーロッパ
CTY00673,旧コアウカタ,北米
CTY00674,旧タテシシチ,アフリカ
CTY00675,旧ニテトチオ,北米
CTY00676,旧スナエネニ,オセアニア
CTY00677,旧クチケカト,アフリカ
CTY00678,旧セソニサツ,アジア
CTY00679,旧エイキスオ,アジア
CTY00680,旧ノウケウツ,アフリカ
CTY00681,旧ノオコソネ,オセアニア
CTY00682,旧ヌシキスト,南米
CTY00683,旧ヌトシケチ,北米
CTY00684,旧シナノアサ,南米
CTY00685,旧ソタネトネ,アフリカ
CTY00686,旧スシシエコ,ヨーロッパ
CTY00687,旧ヌテキタネ,南米
CTY00688,旧ノヌノセチ,ヨーロッパ
CTY00689,旧カクケタセ,ヨーロッパ
CTY00690,旧ナソセクタ,オセアニア
CTY00691,旧シイコスク,南米
CTY00692,旧タテセテシ,オセアニア
CTY00693,旧ノシキトニ,南米
CTY00694,旧ケネチソイ,アフリカ
CTY00695,旧アスセコテ,アジア
CTY00696,旧クイチココ,アジア
CTY00697,旧シシイエエ,北米
CTY00698,旧ノネテノチ,ヨーロッパ
CTY00699,旧ツエウツチ,アフリカ
CTY00700,旧ナネアテオ,北米
CTY00701,旧ソヌコトナ,南米
CTY00702,旧ツエセテカ,アフリカ
CTY00703,旧カエネキタ,アジア
CTY00704,旧ケトススス,アジア
CTY00705,旧ナテタニス,アフリカ
CTY00706,旧コウカシタ,アフリカ
CTY00707,旧スエノネト,アフリカ
CTY00708,旧ノセトニノ,オセアニア
CTY00709,旧コキサソサ,アジア
CTY00710,旧チヌアソイ,北米
CTY00711,旧クコオウウ,南米
CTY00712,旧ケエソネヌ,アジア
CTY00713,旧アテアケス,南米
CTY00714,旧ナケコテア,ヨーロッパ
CTY00715,旧チウアアカ,アフリカ
CTY00716,旧ナトイノイ,オセアニア
CTY00717,旧オヌオウイ,南米
CTY00718,旧シオクシト,南米
CTY00719,旧ケトアカチ,オセアニア
CTY00720,旧ナサセオニ,アジア
CTY00721,旧ノオソセト,南米
CTY00722,旧エイテエク,南米
CTY00723,旧アカタナサ,ヨーロッパ
CTY00724,旧イスナカシ,アジア
CTY00725,旧テネエオク,ヨーロッパ
CTY00726,旧ウヌスサケ,アフリカ
CTY00727,旧ケサキアコ,アフリカ
CTY00728,旧チタチサシ,アジア
CTY00729,旧コサソチソ,南米
CTY00730,旧エクエアキ,南米
CTY00731,旧ソイヌネセ,アジア
CTY00732,旧セクカスア,アジア
CTY00733,旧オカウキヌ,ヨーロッパ
CTY00734,旧ヌケクコカ,アジア
CTY00735,旧ナクヌタエ,南米
CTY00736,旧カイスタウ,アジア
CTY00737,旧アネアネカ,オセアニア
CTY00738,旧セニツネソ,ヨーロッパ
CTY00739,旧オソヌエア,南米
CTY00740,旧シオウササ,アフリカ
CTY00741,旧カヌヌキタ,アジア
CTY00742,旧シケソアイ,北米
CTY00743,旧タチカセト,アジア
CTY00744,旧ナシツエサ,ヨーロッパ
CTY00745,旧カサツスツ,北米
CTY00746,旧エイエセケ,北米
CTY00747,旧ウキシキツ,アジア
CTY00748,旧ナクスクケ,ヨーロッパ
CTY00749,旧カチネソタ,ヨーロッパ
CTY00750,旧ツヌタテネ,アフリカ
CTY00751,旧オヌウキナ,北米
CTY00752,旧テシニカケ,オセアニア
CTY00753,旧ネネノコエ,アジア
CTY00754,旧コサキヌエ,南米
CTY00755,旧ケノセコオ,北米
CTY00756,旧ツセタテス,ヨーロッパ
CTY00757,旧トツコオカ,アフリカ
CTY00758,旧ウスソカサ,アジア
CTY00759,旧キタオニツ,ヨーロッパ
CTY00760,旧ヌケエソシ,南米
CTY00761,旧ソセネテコ,南米
CTY00762,旧コテサイア,アジア
CTY00763,旧ヌテカタオ,オセアニア
CTY00764,旧ナソトウコ,南米
CTY00765,旧ツネチトタ,アジア
CTY00766,旧ネタセオニ,アジア
CTY00767,旧カカスコタ,アフリカ
CTY00768,旧クチコソウ,南米
CTY00769,旧アスナウニ,ヨーロッパ
CTY00770,旧カニチナア,アジア
CTY00771,旧ナタノナカ,南米
CTY00772,旧オネスツソ,ヨーロッパ
CTY00773,旧ソコチオオ,オセアニア
CTY00774,旧エオヌエタ,アフリカ
CTY00775,旧ネカケナセ,南米
CTY00776,旧サテツアニ,アフリカ
CTY00777,旧エタニアセ,ヨーロッパ
CTY00778,旧ニケチタナ,オセアニア
CTY00779,旧ウセソツキ,南米
CTY00780,旧ネニケノサ,南米
CTY00781,旧テテカニア,アジア
CTY00782,旧ネカアコエ,北米
CTY00783,旧オナクキキ,アジア
CTY00784,旧ヌスココト,ヨーロッパ
CTY00785,旧キノアツタ,ヨーロッパ
CTY00786,旧セサニネス,北米
CTY00787,旧ツケコカノ,ヨーロッパ
CTY00788,旧ソソソカキ,北米
CTY00789,旧カツオシヌ,オセアニア
CTY00790,旧テセチタイ,ヨーロッパ
CTY00791,旧ウチヌエカ,ヨーロッパ
CTY00792,旧エアコヌシ,ヨーロッパ
CTY00793,旧タイコネサ,アフリカ
CTY00794,旧ノイソチシ,北米
CTY00795,旧ネノタクス,アジア
CTY00796,旧ニスケタケ,アジア
CTY00797,旧コトツカセ,オセアニア
CTY00798,旧シエウトカ,北米
CTY00799,旧テツキサス,北米
CTY00800,旧ソシオキト,アフリカ
CTY00801,旧チスココシ,南米
CTY00802,旧イエトテナ,北米
CTY00803,旧エアサヌネ,オセアニア
CTY00804,旧タヌセネオ,ヨーロッパ
CTY00805,旧ケウイウオ,アフリカ
CTY00806,旧キトノテタ,ヨーロッパ
CTY00807,旧カキサクテ,アジア
CTY00808,旧ウコエテナ,アフリカ
CTY00809,旧ネナコテツ,北米
CTY00810,旧タチコスニ,北米
CTY00811,旧テコトケナ,ヨーロッパ
CTY00812,旧ソセナヌコ,オセアニア
CTY00813,旧クサチクナ,アフリカ
CTY00814,旧ツトナウト,アジア
CTY00815,旧ネニシスツ,アフリカ
CTY00816,旧ウヌネウネ,北米
CTY00817,旧アクノナノ,南米
CTY00818,旧テチツトコ,オセアニア
CTY00819,旧クカツタニ,南米
CTY00820,旧キヌチコア,北米
CTY00821,旧スサアクサ,アジア
CTY00822,旧セキツソト,北米
CTY00823,旧オノヌネノ,南米
CTY00824,旧イチナイタ,ヨーロッパ
CTY00825,旧テコオタウ,アジア
CTY00826,旧シキニカカ,アジア
CTY00827,旧ノツコスソ,オセアニア
CTY00828,旧エココセタ,北米
CTY00829,旧ニソネアナ,アジア
CTY00830,旧テナテトト,ヨーロッパ
CTY00831,旧ウニツカテ,アフリカ
CTY00832,旧キトソコタ,南米
CTY00833,旧コネクサセ,アフリカ
CTY00834,旧ソアエソウ,南米
CTY00835,旧サオテタシ,南米
CTY00836,旧ヌトチネカ,アジア
CTY00837,旧タエエツウ,南米
CTY00838,旧ネエサエセ,アフリカ
CTY00839,旧トスニノセ,アフリカ
CTY00840,旧コニサオウ,アジア
CTY00841,旧オステキス,アフリカ
CTY00842,旧ウネエサヌ,オセアニア
CTY00843,旧エソタキチ,アジア
CTY00844,旧ウウセネケ,アフリカ
CTY00845,旧ノノクチエ,オセアニア
CTY00846,旧オヌナウス,ヨーロッパ
CTY00847,旧シテアエカ,ヨーロッパ
CTY00848,旧スツウヌキ,アフリカ
CTY00849,旧ノサコナオ,北米
CTY00850,旧トエトテツ,ヨーロッパ
CTY00851,旧セツヌネト,北米
CTY00852,旧クテキノア,アフリカ
CTY00853,旧シニタチチ,オセアニア
CTY00854,旧オニツタツ,南米
CTY00855,旧サテノクシ,南米
CTY00856,旧ネケナテカ,ヨーロッパ
CTY00857,旧ウシクタチ,オセアニア
CTY00858,旧シカカシヌ,ヨーロッパ
CTY00859,旧アシサソソ,アジア
CTY00860,旧ニセソセナ,オセアニア
CTY00861,旧クソツウネ,アジア
CTY00862,旧クツケイタ,南米
CTY00863,旧ナウキアチ,アジア
CTY00864,旧テトテアソ,ヨーロッパ
CTY00865,旧オウソウイ,北米
CTY00866,旧テネアアオ,オセアニア
CTY00867,旧ソトツトア,アジア
CTY00868,旧ツネオエタ,アフリカ
CTY00869,旧カトイクシ,オセアニア
CTY00870,旧ウククツカ,オセアニア
CTY00871,旧ウノスオソ,北米
CTY00872,旧チネネチセ,ヨーロッパ
CTY00873,旧ヌイツケナ,南米
CTY00874,旧ソトケセカ,南米
CTY00875,旧タヌヌイノ,ヨーロッパ
CTY00876,旧セウシトキ,ヨーロッパ
CTY00877,旧ネヌキチノ,オセアニア
CTY00878,旧タトナエク,アジア
CTY00879,旧ツキオタケ,ヨーロッパ
CTY00880,旧ノカキヌイ,南米
CTY00881,旧ヌトシシウ,オセアニア
CTY00882,旧イニソソチ,南米
CTY00883,旧クトノニコ,北米
CTY00884,旧シツセキタ,アフリカ
CTY00885,旧カツツテウ,ヨーロッパ
CTY00886,旧チトシノア,アジア
CTY00887,旧コナオオニ,アジア
CTY00888,旧ケトネアサ,南米
CTY00889,旧ヌコセクセ,北米
CTY00890,旧テノタセタ,南米
CTY00891,旧サコクカテ,北米
CTY00892,旧コオウツタ,北米
CTY00893,旧セテウソク,アフリカ
CTY00894,旧ステアニア,ヨーロッパ
CTY00895,旧アツシスオ,北米
CTY00896,旧ソウアキチ,北米
CTY00897,旧チエトシエ,北米
CTY00898,旧サセソネタ,南米
CTY00899,旧ナコナソエ,オセアニア
CTY00900,旧ノサトイツ,アフリカ
CTY00901,旧クテコスセ,北米
CTY00902,旧テテナカカ,アジア
CTY00903,旧オイセコセ,アフリカ
CTY00904,旧サヌサノナ,南米
CTY00905,旧チネストコ,オセアニア
CTY00906,旧スアクノツ,アフリカ
CTY00907,旧スケアテク,アフリカ
CTY00908,旧ツササネソ,ヨーロッパ
CTY00909,旧スニソナニ,オセアニア
CTY00910,旧クトニノエ,南米
CTY00911,旧ニエカウイ,ヨーロッパ
CTY00912,旧サキアスス,北米
CTY00913,旧ヌカネトニ,南米
CTY00914,旧タケエクイ,北米
CTY00915,旧ケネカテイ,アフリカ
CTY00916,旧スヌセコソ,オセアニア
CTY00917,旧スキヌケサ,北米
CTY00918,旧チサチネウ,ヨーロッパ
CTY00919,旧ソタサオセ,オセアニア
CTY00920,旧チエソクカ,ヨーロッパ
CTY00921,旧キエサキカ,北米
CTY00922,旧ネタツキシ,アジア
CTY00923,旧トネウケチ,オセアニア
CTY00924,旧タノアノセ,北米
CTY00925,旧ネトネキサ,オセアニア
CTY00926,旧ニノチトウ,アフリカ
CTY00927,旧ヌツアイセ,北米
CTY00928,旧ケナウツソ,北米
CTY00929,旧イトサタセ,アジア
CTY00930,旧アスアクツ,オセアニア
CTY00931,旧カトナウナ,南米
CTY00932,旧スツカノネ,オセアニア
CTY00933,旧セスアシサ,北米
CTY00934,旧チヌアスノ,ヨーロッパ
CTY00935,旧シヌナケウ,南米
CTY00936,旧トオナオヌ,ヨーロッパ
CTY00937,旧アテテサエ,アフリカ
CTY00938,旧ケシタタケ,アジア
CTY00939,旧ヌエカツチ,南米
CTY00940,旧ウクヌスセ,アジア
CTY00941,旧チコツスア,オセアニア
CTY00942,旧ナトサトネ,北米
CTY00943,旧コタチネタ,アジア
CTY00944,旧イソシコヌ,オセアニア
CTY00945,旧ネサナチイ,アジア
CTY00946,旧オオチコカ,南米
CTY00947,旧オトエケツ,アジア
CTY00948,旧エウアオナ,南米
CTY00949,旧タアテウタ,南米
CTY00950,旧オエニソサ,ヨーロッパ
CTY00951,旧カアウタセ,アジア
CTY00952,旧ノタウニセ,北米
CTY00953,旧アトソアエ,北米
CTY00954,旧サオソセコ,南米
CTY00955,旧イアシチテ,南米
CTY00956,旧コツナオク,アフリカ
CTY00957,旧ネコセネカ,南米
CTY00958,旧サイツヌシ,オセアニア
CTY00959,旧チタテタヌ,北米
CTY00960,旧セナケケシ,ヨーロッパ
CTY00961,旧コチウヌセ,南米
CTY00962,旧クイウカカ,ヨーロッパ
CTY00963,旧オソナネノ,ヨーロッパ
CTY00964,旧ココツツケ,アジア
CTY00965,旧チシカオク,アフリカ
CTY00966,旧セスケヌケ,ヨーロッパ
CTY00967,旧タキコヌヌ,オセアニア
CTY00968,旧セタエスヌ,ヨーロッパ
CTY00969,旧イウケニテ,ヨーロッパ
CTY00970,旧セテチアヌ,南米
CTY00971,旧ニサヌトト,アジア
CTY00972,旧エタアトカ,ヨーロッパ
CTY00973,旧シエノナケ,アジア
CTY00974,旧ケアニタナ,アジア
CTY00975,旧トコケニニ,北米
CTY00976,旧ナトクコニ,ヨーロッパ
CTY00977,旧ツエカトカ,北米
CTY00978,旧セアネケエ,北米
CTY00979,旧ケソオオコ,南米
CTY00980,旧ソナキタウ,アジア
CTY00981,旧ツシケナタ,南米
CTY00982,旧サテテスチ,北米
CTY00983,旧ナスタアキ,アジア
CTY00984,旧イウシケイ,アフリカ
CTY00985,旧トチキカコ,ヨーロッパ
CTY00986,旧エネテサノ,北米
CTY00987,旧クアテネチ,南米
CTY00988,旧チサソシキ,アジア
CTY00989,旧トクヌオケ,アジア
CTY00990,旧サヌセウナ,アフリカ
CTY00991,旧エイナウイ,アフリカ
CTY00992,旧カオキノカ,アフリカ
CTY00993,旧スナウシカ,アジア
CTY00994,旧アスキシイ,南米
CTY00995,旧アキツヌニ,ヨーロッパ
CTY00996,旧イスオサセ,アジア
CTY00997,旧アイトスキ,北米
CTY00998,旧キアヌクヌ,アフリカ
CTY00999,旧サオヌツコ,オセアニア
CTY01000,旧ウネセイニ,ヨーロッパ
CTY01001,旧アオキオタ,アジア
CTY01002,旧ナオオイセ,南米
CTY01003,旧アクイニニ,ヨーロッパ
CTY01004,旧チサチノケ,ヨーロッパ
CTY01005,旧ツオエケク,北米
CTY01006,旧チオオネト,アフリカ
CTY01007,旧ニチトツシ,ヨーロッパ
CTY01008,旧トヌテノソ,北米
CTY01009,旧クオテノウ,南米
CTY01010,旧トトイエシ,アジア
CTY01011,旧テソセケテ,オセアニア
CTY01012,旧ナウイノオ,ヨーロッパ
CTY01013,旧ヌニクツタ,北米
CTY01014,旧ウネヌナキ,南米
CTY01015,旧クテコナカ,ヨーロッパ
CTY01016,旧セタサキケ,アフリカ
CTY01017,旧チエイシサ,アジア
CTY01018,旧ナケトコツ,オセアニア
CTY01019,旧キナイエツ,北米
CTY01020,旧ヌキエスカ,北米
CTY01021,旧オアアソエ,アフリカ
CTY01022,旧テセクスセ,オセアニア
CTY01023,旧トキセネソ,南米
CTY01024,旧トスネネエ,ヨーロッパ
CTY01025,旧イツカトア,アジア
CTY01026,旧ツオケテオ,ヨーロッパ
CTY01027,旧サネシセナ,ヨーロッパ
CTY01028,旧エネニトキ,ヨーロッパ
CTY01029,旧サチアテソ,南米
CTY01030,旧ナネシカテ,オセアニア
CTY01031,旧サイオネエ,オセアニア
CTY01032,旧スノテテツ,ヨーロッパ
CTY01033,旧ノクチイチ,南米
CTY01034,旧ツチエイオ,アジア
CTY01035,旧イイシシテ,ヨーロッパ
CTY01036,旧テウネテト,ヨーロッパ
CTY01037,旧エソツサオ,南米
CTY01038,旧ツノニネケ,アフリカ
CTY01039,旧イケネノノ,ヨーロッパ
CTY01040,旧アナキヌタ,ヨーロッパ
CTY01041,旧ノケアエナ,南米
CTY01042,旧テウナココ,南米
CTY01043,旧ウセヌココ,アフリカ
CTY01044,旧チキサエツ,北米
CTY01045,旧ニニタスエ,北米
CTY01046,旧タタアキト,ヨーロッパ
CTY01047,旧コタセケケ,ヨーロッパ
CTY01048,旧オシエノオ,南米
CTY01049,旧ノニオソサ,北米
CTY01050,旧タスネヌイ,オセアニア
CTY01051,旧ネネツセウ,アフリカ
CTY01052,旧セオタオコ,南米
CTY01053,旧ネカニオタ,ヨーロッパ
CTY01054,旧ナスサタツ,南米
CTY01055,旧キツソネエ,アフリカ
CTY01056,旧キサナスウ,アフリカ
CTY01057,旧ウケヌシツ,アジア
CTY01058,旧セケトケキ,アジア
CTY01059,旧ニソタセセ,ヨーロッパ
CTY01060,旧トタソクト,アジア
CTY01061,旧セテネノウ,南米
CTY01062,旧ニケスケト,北米
CTY01063,旧アカチソナ,オセアニア
CTY01064,旧オコネイツ,北米
CTY01065,旧ウエセキイ,アフリカ
CTY01066,旧ナコスキネ,オセアニア
CTY01067,旧イチタアコ,アフリカ
CTY01068,旧ネスソネセ,ヨーロッパ
CTY01069,旧ツエセチウ,南米
CTY01070,旧コセクスチ,北米
CTY01071,旧ケウタチエ,オセアニア
CTY01072,旧イネソチス,ヨーロッパ
CTY01073,旧セクナエテ,オセアニア
CTY01074,旧ニツオアテ,ヨーロッパ
CTY01075,旧テチツシネ,アジア
CTY01076,旧サオウヌナ,北米
CTY01077,旧カナタナコ,アフリカ
CTY01078,旧スヌトアツ,オセアニア
CTY01079,旧ヌクサスエ,アジア
CTY01080,旧ノツコサナ,オセアニア
CTY01081,旧チイトセチ,南米
CTY01082,旧ケシヌトソ,ヨーロッパ
CTY01083,旧オトトシチ,オセアニア
CTY01084,旧チソスエタ,南米
CTY01085,旧ツノノアス,南米
CTY01086,旧ニウケニツ,オセアニア
CTY01087,旧オニスチネ,アジア
CTY01088,旧ニアトキテ,ヨーロッパ
CTY01089,旧オクナチソ,南米
CTY01090,旧セウコアナ,オセアニア
CTY01091,旧クカケノヌ,ヨーロッパ
CTY01092,旧アコウタソ,南米
CTY01093,旧オチツカカ,アフリカ
CTY01094,旧アナツチノ,アフリカ
CTY01095,旧クテソソカ,アフリカ
CTY01096,旧サキスセコ,南米
CTY01097,旧ケニイエオ,南米
CTY01098,旧タニサキシ,アジア
CTY01099,旧サチケツイ,北米
CTY01100,旧カノトヌエ,北米
CTY01101,旧ヌケノノネ,オセアニア
CTY01102,旧ナヌアカコ,南米
CTY01103,旧ソヌノウニ,オセアニア
CTY01104,旧ウチスツウ,南米
CTY01105,旧チケチスナ,北米
CTY01106,旧テキソツト,アジア
CTY01107,旧ソシシエノ,北米
CTY01108,旧セツシネア,南米
CTY01109,旧クイニトア,アフリカ
CTY01110,旧トエオソニ,アジア
CTY01111,旧トエヌチタ,ヨーロッパ
CTY01112,旧ケスツケチ,アジア
CTY01113,旧タチキセノ,南米
CTY01114,旧ニノテタツ,アフリカ
CTY01115,旧セチタソキ,オセアニア
CTY01116,旧ツコニサイ,アジア
CTY01117,旧ウキチノノ,アジア
CTY01118,旧タカウヌカ,南米
CTY01119,旧イケタチカ,ヨーロッパ
CTY01120,旧シアイカツ,アフリカ
CTY01121,旧テキエキセ,アジア
CTY01122,旧ヌカセオコ,ヨーロッパ
CTY01123,旧ノシツイス,ヨーロッパ
CTY01124,旧チナチオチ,アフリカ
CTY01125,旧イスオナウ,ヨーロッパ
CTY01126,旧ネツトツノ,北米
CTY01127,旧テスエタセ,南米
CTY01128,旧アシアテケ,南米
CTY01129,旧チスキアソ,ヨーロッパ
CTY01130,旧クサツノテ,アジア
CTY01131,旧ソオシケニ,アジア
CTY01132,旧テトセサケ,アジア
CTY01133,旧タサスアス,ヨーロッパ
CTY01134,旧エツイサコ,アフリカ
CTY01135,旧ネヌセオナ,ヨーロッパ
CTY01136,旧タエキオケ,アジア
CTY01137,旧サイアソコ,アフリカ
CTY01138,旧ソアセヌノ,ヨーロッパ
CTY01139,旧タソイキア,北米
CTY01140,旧エウエアニ,南米
CTY01141,旧トコナトノ,ヨーロッパ
CTY01142,旧ツタオネニ,北米
CTY01143,旧キウネケウ,南米
CTY01144,旧オチチソキ,南米
CTY01145,旧トシカアネ,北米
CTY01146,旧スイエヌテ,アジア
CTY01147,旧ノヌサクカ,オセアニア
CTY01148,旧ネテカキテ,南米
CTY01149,旧チスオスシ,南米
CTY01150,旧キキヌカタ,北米
CTY01151,旧アノノセエ,南米
CTY01152,旧テネアスツ,アジア
CTY01153,旧ノノサオケ,南米
CTY01154,旧イイケスト,オセアニア
CTY01155,旧ノセノサア,アフリカ
CTY01156,旧エコネカテ,アジア
CTY01157,旧セクイカツ,アジア
CTY01158,旧ニシカエノ,ヨーロッパ
CTY01159,旧イノネコキ,北米
CTY01160,旧トウニテト,北米
CTY01161,旧トノアテニ,南米
CTY01162,旧ススセトネ,北米
CTY01163,旧ヌイオチツ,アフリカ
CTY01164,旧スアセケチ,北米
CTY01165,旧ノスタカク,北米
CTY01166,旧トテサソエ,オセアニア
CTY01167,旧イセタトク,アジア
CTY01168,旧コソノセト,ヨーロッパ
CTY01169,旧コツキキテ,ヨーロッパ
CTY01170,旧ヌキオチテ,アジア
CTY01171,旧クイアウチ,南米
CTY01172,旧ナチクオナ,オセアニア
CTY01173,旧キトソウイ,アフリカ
CTY01174,旧ヌテクオア,アフリカ
CTY01175,旧ツテヌテア,ヨーロッパ
CTY01176,旧シアノナニ,オセアニア
CTY01177,旧アアセセア,アフリカ
CTY01178,旧キエノチノ,アジア
CTY01179,旧オクトウコ,オセアニア
CTY01180,旧ニチチクオ,アフリカ
CTY01181,旧チナカナネ,アフリカ
CTY01182,旧キテネタト,オセアニア
CTY01183,旧サオアセカ,南米
CTY01184,旧チエシキト,南米
CTY01185,旧トクサウチ,ヨーロッパ
CTY01186,旧トアヌネチ,アフリカ
CTY01187,旧ツキタニチ,南米
CTY01188,旧ヌオサシオ,北米
CTY01189,旧カネスオノ,北米
CTY01190,旧アノイツナ,オセアニア
CTY01191,旧エヌタコト,アフリカ
CTY01192,旧クタオナサ,オセアニア
CTY01193,旧シトウケク,北米
CTY01194,旧サチイケシ,オセアニア
CTY01195,旧セナケクス,南米
CTY01196,旧ケキノニケ,ヨーロッパ
CTY01197,旧セニシカケ,アジア
CTY01198,旧セネソオア,北米
CTY01199,旧トナケトチ,南米
CTY01200,旧サチトソチ,オセアニア
CTY01201,旧ネニスチナ,南米
CTY01202,旧シカカソサ,北米
CTY01203,旧シカサノオ,ヨーロッパ
CTY01204,旧ネチニカニ,アフリカ
CTY01205,旧シナセサツ,北米
CTY01206,旧アキクソネ,オセアニア
CTY01207,旧ケアヌタオ,ヨーロッパ
CTY01208,旧サタニカク,アジア
CTY01209,旧タウチケオ,アフリカ
CTY01210,旧ナオトウス,アジア
CTY01211,旧ストツヌネ,北米
CTY01212,旧ナオヌイソ,北米
CTY01213,旧コノタイコ,南米
CTY01214,旧ナサツタコ,アジア
CTY01215,旧テトココク,南米
CTY01216,旧ククコケカ,ヨーロッパ
CTY01217,旧アツアシエ,アジア
CTY01218,旧タクテニア,アジア
CTY01219,旧ニキカクウ,オセアニア
CTY01220,旧クケチケシ,南米
CTY01221,旧コイアソセ,アジア
CTY01222,旧ケキチウス,北米
CTY01223,旧キテナセサ,アフリカ
CTY01224,旧ヌタセオネ,北米
CTY01225,旧キスオトア,アフリカ
CTY01226,旧トクウウセ,ヨーロッパ
CTY01227,旧アタキトオ,北米
CTY01228,旧チキクチノ,ヨーロッパ
CTY01229,旧ニケネセチ,南米
CTY01230,旧イヌツタサ,北米
CTY01231,旧ナセコヌア,南米
CTY01232,旧キニアキセ,北米
CTY01233,旧クイセノコ,北米
CTY01234,旧シセタアソ,ヨーロッパ
CTY01235,旧シウアヌセ,南米
CTY01236,旧クイニキシ,ヨーロッパ
CTY01237,旧タオイクオ,アフリカ
CTY01238,旧トチノサソ,南米
CTY01239,旧エスカケイ,アフリカ
CTY01240,旧ネツシシニ,ヨーロッパ
CTY01241,旧トトナネア,ヨーロッパ
CTY01242,旧クニシエア,ヨーロッパ
CTY01243,旧ウオヌオチ,アフリカ
CTY01244,旧クイテシシ,アフリカ
CTY01245,旧セケシトオ,アジア
CTY01246,旧カコシヌタ,アフリカ
CTY01247,旧サセテネア,アフリカ
CTY01248,旧カサノツタ,南米
CTY01249,旧キテキタセ,オセアニア
CTY01250,旧イサオソセ,アジア
CTY01251,旧ネイコシヌ,ヨーロッパ
CTY01252,旧コオオナセ,アジア
CTY01253,旧ソタトイセ,南米
CTY01254,旧シケケアケ,アフリカ
CTY01255,旧コカソツナ,アフリカ
CTY01256,旧カヌトサタ,アジア
CTY01257,旧テタアカシ,南米
CTY01258,旧タヌニアサ,アフリカ
CTY01259,旧ニクエオサ,オセアニア
CTY01260,旧ソエニキオ,北米
CTY01261,旧タニセナス,オセアニア
CTY01262,旧エウテエシ,南米
CTY01263,旧ネウノアサ,アジア
CTY01264,旧サテチシク,北米
CTY01265,旧カシヌイシ,アジア
CTY01266,旧クテツタソ,南米
CTY01267,旧ソカスイオ,アジア
CTY01268,旧セアイニセ,北米
CTY01269,旧ツタウキオ,北米
CTY01270,旧タアササナ,アフリカ
CTY01271,旧ウエセイイ,南米
CTY01272,旧ソタソイケ,アジア
CTY01273,旧イソシカチ,オセアニア
CTY01274,旧ウイテソト,南米
CTY01275,旧サクキトオ,北米
CTY01276,旧セスチナア,北米
CTY01277,旧テエケネオ,南米
CTY01278,旧ニチステテ,アフリカ
CTY01279,旧ナネエウイ,北米
CTY01280,旧トトコシト,アジア
CTY01281,旧セクケアシ,オセアニア
CTY01282,旧ニイシツヌ,アジア
CTY01283,旧イニツツオ,オセアニア
CTY01284,旧エイテシセ,オセアニア
CTY01285,旧ウコネケノ,北米
CTY01286,旧ソケオコイ,アフリカ
CTY01287,旧セサチオス,ヨーロッパ
CTY01288,旧ノキイアク,南米
CTY01289,旧アカテオノ,アフリカ
CTY01290,旧タノヌテナ,ヨーロッパ
CTY01291,旧クイオヌソ,北米
CTY01292,旧チエウノウ,アジア
CTY01293,旧ネタスシツ,北米
CTY01294,旧ノタツトヌ,ヨーロッパ
CTY01295,旧サオセケテ,ヨーロッパ
CTY01296,旧コトツエニ,アフリカ
CTY01297,旧オニナタカ,南米
CTY01298,旧セソオソニ,アフリカ
CTY01299,旧ニノトソイ,アフリカ
CTY01300,旧シチカクネ,オセアニア
CTY01301,旧ツタトキノ,南米
CTY01302,旧ナナイタネ,オセアニア
CTY01303,旧キエケチカ,アフリカ
CTY01304,旧ツエヌトチ,オセアニア
CTY01305,旧ニアカクナ,アフリカ
CTY01306,旧ソトナネネ,ヨーロッパ
CTY01307,旧ツスソセト,南米
CTY01308,旧チノカスチ,北米
CTY01309,旧テケノアチ,アフリカ
CTY01310,旧タイトクイ,アフリカ
CTY01311,旧イサセイネ,アフリカ
CTY01312,旧エセアカソ,ヨーロッパ
CTY01313,旧ツトヌスチ,北米
CTY01314,旧エウケシナ,オセアニア
CTY01315,旧ナオキトコ,アジア
CTY01316,旧シクサトク,アジア
CTY01317,旧コウシノツ,ヨーロッパ
CTY01318,旧テエキコウ,オセアニア
CTY01319,旧クシアアタ,アフリカ
CTY01320,旧シエナトト,オセアニア
CTY01321,旧コスカナト,ヨーロッパ
CTY01322,旧スウアイヌ,オセアニア
CTY01323,旧トキコセテ,アフリカ
CTY01324,旧テキケコケ,北米
CTY01325,旧ネスオノト,アフリカ
CTY01326,旧タクセアヌ,北米
CTY01327,旧カケカツケ,アフリカ
CTY01328,旧カコアセテ,アジア
CTY01329,旧キノネヌシ,ヨーロッパ
CTY01330,旧セクテヌオ,オセアニア
CTY01331,旧ネナテセノ,オセアニア
CTY01332,旧トトヌアツ,アジア
CTY01333,旧コチカクカ,オセアニア
CTY01334,旧スヌソカク,ヨーロッパ
CTY01335,旧カチセテエ,アジア
CTY01336,旧ヌサケクテ,オセアニア
CTY01337,旧キヌノタク,アジア
CTY01338,旧アスノアセ,北米
CTY01339,旧コケチケチ,アフリカ
CTY01340,旧サトアネタ,アジア
CTY01341,旧チクテセコ,アフリカ
CTY01342,旧オセキシチ,アジア
CTY01343,旧タチウツノ,北米
CTY01344,旧ノキコイカ,アジア
CTY01345,旧イツスエオ,オセアニア
CTY01346,旧ツイセヌウ,ヨーロッパ
CTY01347,旧テソエテケ,北米
CTY01348,旧タノエツカ,南米
CTY01349,旧カアソテタ,南米
CTY01350,旧ニヌニサト,南米
CTY01351,旧サヌウケケ,南米
CTY01352,旧シネシナコ,アジア
CTY01353,旧コトソツト,ヨーロッパ
CTY01354,旧イサトシエ,北米
CTY01355,旧ネイケシヌ,南米
CTY01356,旧カヌエコト,アフリカ
CTY01357,旧クチチシニ,ヨーロッパ
CTY01358,旧イスカコテ,アフリカ
CTY01359,旧シキシキナ,アフリカ
CTY01360,旧ツコネカノ,アジア
CTY01361,旧タサテオア,アジア
CTY01362,旧オコナカノ,ヨーロッパ
CTY01363,旧カクアツタ,南米
CTY01364,旧クセヌキウ,アジア
CTY01365,旧オスツヌタ,北米
CTY01366,旧ケアウナテ,アジア
CTY01367,旧ナオシヌツ,北米
CTY01368,旧タツネウオ,オセアニア
CTY01369,旧タキシセチ,オセアニア
CTY01370,旧ネシトコサ,オセアニア
CTY01371,旧コトナエエ,南米
CTY01372,旧シスクトチ,北米
CTY01373,旧ノクサエナ,アジア
CTY01374,旧ケクヌシタ,アジア
CTY01375,旧ヌトノセキ,オセアニア
CTY01376,旧ササキキツ,南米
CTY01377,旧クソニイト,北米
CTY01378,旧ニサキネオ,アジア
CTY01379,旧エコカチカ,オセアニア
CTY01380,旧ノツコノシ,オセアニア
CTY01381,旧ナキテウシ,オセアニア
CTY01382,旧コチエカシ,アジア
CTY01383,旧ストキコニ,北米
CTY01384,旧コキニタコ,アジア
CTY01385,旧シケケヌオ,ヨーロッパ
CTY01386,旧テトアカチ,南米
CTY01387,旧セコサコア,ヨーロッパ
CTY01388,旧シツクソチ,南米
CTY01389,旧オチクアト,オセアニア
CTY01390,旧ネトノネト,オセアニア
CTY01391,旧ソサツキチ,アジア
CTY01392,旧ナタケツイ,南米
CTY01393,旧ニヌトニニ,アフリカ
CTY01394,旧キオニソテ,アジア
CTY01395,旧トクニスセ,北米
CTY01396,旧ネアキエサ,北米
CTY01397,旧イノノコク,オセアニア
CTY01398,旧チコテナヌ,北米
CTY01399,旧トスカヌノ,アジア
CTY01400,旧シキコオイ,アジア
CTY01401,旧オカニアニ,アジア
CTY01402,旧ノソテネテ,オセアニア
CTY01403,旧クノツニソ,アジア
CTY01404,旧クスチケケ,南米
CTY01405,旧クエニセタ,南米
CTY01406,旧サニウナキ,アフリカ
CTY01407,旧ネソクソタ,アジア
CTY01408,旧スナコエヌ,オセアニア
CTY01409,旧カネトクキ,オセアニア
CTY01410,旧イキコカア,南米
CTY01411,旧アトイイノ,ヨーロッパ
CTY01412,旧ニクコセソ,北米
CTY01413,旧コアオウエ,アフリカ
CTY01414,旧シセウエウ,オセアニア
CTY01415,旧ノキネオタ,ヨーロッパ
CTY01416,旧イイカニト,北米
CTY01417,旧セオチコオ,オセアニア
CTY01418,旧シサケテキ,アフリカ
CTY01419,旧サヌナクカ,北米
CTY01420,旧ネエヌクク,南米
CTY01421,旧キオナスツ,オセアニア
CTY01422,旧スチチトテ,オセアニア
CTY01423,旧コノナノネ,北米
CTY01424,旧ヌヌカシタ,北米
CTY01425,旧ケオノアタ,南米
CTY01426,旧ニイシトナ,ヨーロッパ
CTY01427,旧トエニシチ,オセアニア
CTY01428,旧コニノカタ,南米
CTY01429,旧ヌウイテス,南米
CTY01430,旧トヌエオキ,北米
CTY01431,旧チニソキツ,アジア
CTY01432,旧サアキサク,アフリカ
CTY01433,旧サイカオイ,南米
CTY01434,旧チチシケテ,ヨーロッパ
CTY01435,旧ノテイアイ,オセアニア
CTY01436,旧ウノカナカ,アフリカ
CTY01437,旧ソトノケソ,北米
CTY01438,旧カケテクノ,北米
CTY01439,旧アエネオヌ,ヨーロッパ
CTY01440,旧ネイクウイ,南米
CTY01441,旧テセケソカ,南米
CTY01442,旧ナトケコチ,アフリカ
CTY01443,旧クチエキツ,アフリカ
CTY01444,旧キイセスエ,オセアニア
CTY01445,旧ツトエカコ,ヨーロッパ
CTY01446,旧ウソオコキ,南米
CTY01447,旧ノカオウセ,南米
CTY01448,旧キクシケシ,オセアニア
CTY01449,旧ヌセオアコ,アジア
CTY01450,旧カカアナア,アジア
CTY01451,旧ケソセネサ,北米
CTY01452,旧サイネコタ,南米
CTY01453,旧セアイチタ,南米
CTY01454,旧サテキエア,北米
CTY01455,旧オサネニカ,アフリカ
CTY01456,旧ククセケサ,アジア
CTY01457,旧ニネシシス,オセアニア
CTY01458,旧ナストイサ,南米
CTY01459,旧ノノソイノ,北米
CTY01460,旧ノニスシツ,アジア
CTY01461,旧トアアタオ,北米
CTY01462,旧ウシキソオ,北米
CTY01463,旧トカサアネ,南米
CTY01464,旧ソカキスア,アジア
CTY01465,旧スアセコツ,オセアニア
CTY01466,旧チテエニキ,ヨーロッパ
CTY01467,旧サイセウキ,ヨーロッパ
CTY01468,旧ヌノケスシ,アジア
CTY01469,旧ネクエウタ,アフリカ
CTY01470,旧スヌテキシ,ヨーロッパ
CTY01471,旧ナタチサオ,アジア
CTY01472,旧イキセテノ,南米
CTY01473,旧エクヌシソ,北米
CTY01474,旧トソクセセ,アジア
CTY01475,旧ウサウノア,オセアニア
CTY01476,旧ステタネト,北米
CTY01477,旧ケチチトイ,ヨーロッパ
CTY01478,旧オアテツカ,オセアニア
CTY01479,旧オカニソセ,アジア
CTY01480,旧ニオツノカ,南米
CTY01481,旧ノニニセエ,ヨーロッパ
CTY01482,旧カネケヌス,オセアニア
CTY01483,旧クカキネコ,ヨーロッパ
CTY01484,旧スサウケノ,アジア
CTY01485,旧ヌケチクセ,ヨーロッパ
CTY01486,旧アクツエノ,オセアニア
CTY01487,旧シエケネセ,北米
CTY01488,旧トチコイタ,ヨーロッパ
CTY01489,旧オセスセノ,ヨーロッパ
CTY01490,旧チステナウ,アフリカ
CTY01491,旧ヌキウチイ,オセアニア
CTY01492,旧ナオウカコ,オセアニア
CTY01493,旧ソサノサカ,ヨーロッパ
CTY01494,旧ニスチキク,北米
CTY01495,旧シツアクキ,アフリカ
CTY01496,旧シテウイト,アフリカ
CTY01497,旧ケエアナツ,ヨーロッパ
CTY01498,旧キノチテウ,南米
CTY01499,旧ウコオノウ,オセアニア
CTY01500,旧チエツツセ,ヨーロッパ
CTY01501,旧アシネツク,ヨーロッパ
CTY01502,旧ウカクアセ,南米
CTY01503,旧ノイヌスス,アフリカ
CTY01504,旧セアケソチ,オセアニア
CTY01505,旧タソコエケ,南米
CTY01506,旧ウニソツノ,南米
CTY01507,旧ネクタチサ,南米
CTY01508,旧テソサネス,北米
CTY01509,旧アオカコウ,北米
CTY01510,旧ノカケシケ,北米
CTY01511,旧キノナヌタ,北米
CTY01512,旧ノチツウシ,北米
CTY01513,旧シナツスネ,北米
CTY01514,旧ニトコエト,南米
CTY01515,旧ツソヌタテ,アフリカ
CTY01516,旧コウアコソ,オセアニア
CTY01517,旧テオニトツ,オセアニア
CTY01518,旧アサノソエ,アフリカ
CTY01519,旧タイツウナ,北米
CTY01520,旧ニコニシネ,北米
CTY01521,旧キノチニノ,南米
CTY01522,旧ナナテアヌ,北米
CTY01523,旧シコチセカ,南米
CTY01524,旧キキネノス,ヨーロッパ
CTY01525,旧ネナイツタ,オセアニア
CTY01526,旧ノノエケウ,オセアニア
CTY01527,旧エカタタツ,南米
CTY01528,旧ノシヌシノ,アジア
CTY01529,旧ツノシセウ,北米
CTY01530,旧セカセソツ,オセアニア
CTY01531,旧ソイソカテ,南米
CTY01532,旧ソセサトキ,北米
CTY01533,旧クオアウツ,北米
CTY01534,旧チセオタエ,アフリカ
CTY01535,旧ネコトチオ,オセアニア
CTY01536,旧シトセオス,南米
CTY01537,旧ヌキトエク,ヨーロッパ
CTY01538,旧ツテオノア,アフリカ
CTY01539,旧カテクケカ,ヨーロッパ
CTY01540,旧トキトテカ,ヨーロッパ
CTY01541,旧セシセネク,オセアニア
CTY01542,旧エチキケシ,ヨーロッパ
CTY01543,旧ツキニシナ,南米
CTY01544,旧ノカソカケ,北米
CTY01545,旧ネカセツカ,ヨーロッパ
CTY01546,旧ツアスコヌ,アジア
CTY01547,旧クウソキク,アフリカ
CTY01548,旧ニクテトキ,アジア
CTY01549,旧ケシシウネ,ヨーロッパ
CTY01550,旧ウトセオイ,ヨーロッパ
CTY01551,旧ウツコウカ,アジア
CTY01552,旧セトケツシ,北米
CTY01553,旧ニトオカイ,アフリカ
CTY01554,旧ノスニウセ,オセアニア
CTY01555,旧イクアキキ,南米
CTY01556,旧キタテイイ,ヨーロッパ
CTY01557,旧エタイノニ,ヨーロッパ
CTY01558,旧ノセニツナ,アジア
CTY01559,旧カエニクソ,北米
CTY01560,旧シカコソイ,アフリカ
CTY01561,旧テツタケソ,ヨーロッパ
CTY01562,旧ネアシサネ,アフリカ
CTY01563,旧タケアクト,アジア
CTY01564,旧キナオノク,南米
CTY01565,旧ウチスネタ,南米
CTY01566,旧タソナチス,北米
CTY01567,旧ニチタスク,南米
CTY01568,旧ナノヌトセ,アジア
CTY01569,旧ウアトクク,アジア
CTY01570,旧ケウソトシ,アジア
CTY01571,旧テテタキニ,アフリカ
CTY01572,旧ソケアヌウ,北米
CTY01573,旧テキクサエ,南米
CTY01574,旧トスクウコ,ヨーロッパ
CTY01575,旧ククサネツ,アジア
CTY01576,旧キネアサト,アジア
CTY01577,旧ニクヌチキ,アジア
CTY01578,旧セナクコイ,ヨーロッパ
CTY01579,旧イススアタ,アフリカ
CTY01580,旧サチタツナ,ヨーロッパ
CTY01581,旧イケエタコ,アジア
CTY01582,旧ツキチケノ,オセアニア
CTY01583,旧エスオスカ,アジア
CTY01584,旧ニエタオチ,ヨーロッパ
CTY01585,旧コネカコエ,アフリカ
CTY01586,旧ニコテヌク,オセアニア
CTY01587,旧チアヌタテ,アジア
CTY01588,旧キウコツセ,オセアニア
CTY01589,旧ニエソチエ,アジア
CTY01590,旧カタネヌツ,ヨーロッパ
CTY01591,旧ネチタタテ,オセアニア
CTY01592,旧チトウタト,オセアニア
CTY01593,旧テテケネオ,ヨーロッパ
CTY01594,旧ナキテエテ,アフリカ
CTY01595,旧オナナカオ,オセアニア
CTY01596,旧イニネナキ,ヨーロッパ
CTY01597,旧タヌネセコ,南米
CTY01598,旧キシヌイニ,アジア
CTY01599,旧ツカナウセ,アジア
CTY01600,旧クタエケウ,アフリカ
CTY01601,旧セキイヌヌ,ヨーロッパ
CTY01602,旧サタツタカ,オセアニア
CTY01603,旧カキシコア,南米
CTY01604,旧クネカノウ,アフリカ
CTY01605,旧シコイチヌ,ヨーロッパ
CTY01606,旧ソトシサツ,アフリカ
CTY01607,旧エテツテサ,北米
CTY01608,旧アトトサケ,オセアニア
CTY01609,旧ネサウオシ,アジア
CTY01610,旧サスセイネ,オセアニア
CTY01611,旧シアエシセ,アフリカ
CTY01612,旧アテケスナ,アフリカ
CTY01613,旧アネイツシ,アフリカ
CTY01614,旧クウナカア,オセアニア
CTY01615,旧エニクカケ,ヨーロッパ
CTY01616,旧クヌアイウ,オセアニア
CTY01617,旧イヌウネヌ,北米
CTY01618,旧テキスヌソ,南米
CTY01619,旧サチツニセ,ヨーロッパ
CTY01620,旧コスケサセ,ヨーロッパ
CTY01621,旧テトタケツ,南米
CTY01622,旧トネオカオ,アフリカ
CTY01623,旧ヌチネタニ,オセアニア
CTY01624,旧チセスニニ,北米
CTY01625,旧ネセナナシ,オセアニア
CTY01626,旧トチカカク,オセアニア
CTY01627,旧クヌソエコ,南米
CTY01628,旧ケタタクサ,ヨーロッパ
CTY01629,旧アクテセウ,北米
CTY01630,旧キオコソケ,オセアニア
CTY01631,旧オコエサソ,北米
CTY01632,旧イシサネセ,アジア
CTY01633,旧ネスキツト,オセアニア
CTY01634,旧ウキソセツ,ヨーロッパ
CTY01635,旧エウアウノ,北米
CTY01636,旧ササチナソ,ヨーロッパ
CTY01637,旧コテタセヌ,アフリカ
CTY01638,旧ネクソチソ,アジア
CTY01639,旧ネキトケイ,アフリカ
CTY01640,旧ナオクケノ,アジア
CTY01641,旧タニクソケ,南米
CTY01642,旧アナツカヌ,オセアニア
CTY01643,旧クノアイノ,ヨーロッパ
CTY01644,旧ニニニトイ,オセアニア
CTY01645,旧ククノナウ,北米
CTY01646,旧ケセヌツエ,南米
CTY01647,旧セキオタキ,アジア
CTY01648,旧ウトエニツ,北米
CTY01649,旧エシテシイ,アフリカ
CTY01650,旧キオコタト,アフリカ
CTY01651,旧ノヌテツイ,南米
CTY01652,旧イコエヌタ,ヨーロッパ
CTY01653,旧コサクテケ,オセアニア
CTY01654,旧サツサエタ,アジア
CTY01655,旧エネトネナ,アフリカ
CTY01656,旧アノネコチ,アフリカ
CTY01657,旧セウトクニ,アジア
CTY01658,旧タキセエノ,オセアニア
CTY01659,旧タカテネエ,北米
CTY01660,旧セイキヌオ,アフリカ
CTY01661,旧テアコエソ,オセアニア
CTY01662,旧キソアキシ,オセアニア
CTY01663,旧ヌアソタノ,アフリカ
CTY01664,旧サシオヌア,ヨーロッパ
CTY01665,旧キツノキア,オセアニア
CTY01666,旧ココソツケ,ヨーロッパ
CTY01667,旧チソカネス,ヨーロッパ
CTY01668,旧セカナナク,ヨーロッパ
CTY01669,旧カツカネノ,オセアニア
CTY01670,旧チソネツヌ,南米
CTY01671,旧ナタエノテ,南米
CTY01672,旧ヌソエカウ,アジア
CTY01673,旧ナエアツエ,アフリカ
CTY01674,旧ツシキオテ,オセアニア
CTY01675,旧ナスケキヌ,アジア
CTY01676,旧サキトコシ,アジア
CTY01677,旧ツエスエト,南米
CTY01678,旧サシノネニ,アジア
CTY01679,旧ニサクキカ,アフリカ
CTY01680,旧ナウテノエ,オセアニア
CTY01681,旧スチウニト,オセアニア
CTY01682,旧セネオオウ,南米
CTY01683,旧ナスネテケ,アジア
CTY01684,旧チテクコニ,ヨーロッパ
CTY01685,旧アクツナタ,アフリカ
CTY01686,旧オテニノク,アフリカ
CTY01687,旧チトノウセ,アフリカ
CTY01688,旧サナスセセ,ヨーロッパ
CTY01689,旧ノスネコシ,オセアニア
CTY01690,旧イイタケウ,ヨーロッパ
CTY01691,旧オアテソイ,オセアニア
CTY01692,旧トノタサヌ,アフリカ
CTY01693,旧コクツキス,南米
CTY01694,旧アイサヌキ,北米
CTY01695,旧ノクシカウ,北米
CTY01696,旧ケオタソウ,アジア
CTY01697,旧イアアコス,オセアニア
CTY01698,旧スネスネク,アフリカ
CTY01699,旧テテカサク,北米
CTY01700,旧セウカウキ,北米
CTY01701,旧サニヌヌノ,ヨーロッパ
CTY01702,旧タステカニ,ヨーロッパ
CTY01703,旧タニツクシ,南米
CTY01704,旧ヌナカシエ,北米
CTY01705,旧イクニニケ,アフリカ
CTY01706,旧セナステカ,北米
CTY01707,旧キシササエ,アジア
CTY01708,旧ネニエシク,北米
CTY01709,旧チセセネキ,北米
CTY01710,旧ネヌクウウ,アフリカ
CTY01711,旧クニタソタ,アジア
CTY01712,旧ソツクナエ,南米
CTY01713,旧シテウクサ,アジア
CTY01714,旧テアウヌウ,アフリカ
CTY01715,旧ツサコテコ,ヨーロッパ
CTY01716,旧ネアトサオ,アジア
CTY01717,旧クシキイツ,ヨーロッパ
CTY01718,旧ノアセシイ,オセアニア
CTY01719,旧スアケタウ,南米
CTY01720,旧ソサソアク,オセアニア
CTY01721,旧トチカヌヌ,アフリカ
CTY01722,旧シコナオア,ヨーロッパ
CTY01723,旧タタチキニ,アフリカ
CTY01724,旧サニニタス,南米
CTY01725,旧ニシニツケ,南米
CTY01726,旧クウウナサ,アフリカ
CTY01727,旧セオノウナ,北米
CTY01728,旧カニソツア,北米
CTY01729,旧ニテソヌノ,ヨーロッパ
CTY01730,旧ニソヌニチ,アジア
CTY01731,旧スウネアネ,ヨーロッパ
CTY01732,旧サノツステ,北米
CTY01733,旧ケソコツタ,北米
CTY01734,旧ナカタエス,北米
CTY01735,旧ニヌクキノ,アフリカ
CTY01736,旧ニノエエネ,南米
CTY01737,旧ネシセソナ,ヨーロッパ
CTY01738,旧タコキニオ,ヨーロッパ
CTY01739,旧セアシイウ,アジア
CTY01740,旧コシスネチ,アフリカ
CTY01741,旧カアソウニ,アフリカ
CTY01742,旧ネネエネシ,アジア
CTY01743,旧ケタソナヌ,オセアニア
CTY01744,旧ナトチナコ,オセアニア
CTY01745,旧ケコヌスコ,オセアニア
CTY01746,旧ナウコナコ,南米
CTY01747,旧スウシイテ,アジア
CTY01748,旧ケスナシト,アフリカ
CTY01749,旧アサオソキ,オセアニア
CTY01750,旧シオコオエ,ヨーロッパ
CTY01751,旧トシソコツ,アフリカ
CTY01752,旧ツキエクケ,ヨーロッパ
CTY01753,旧チクチネオ,アジア
CTY01754,旧セキコソイ,南米
CTY01755,旧サスキトケ,南米
CTY01756,旧ニオクサネ,ヨーロッパ
CTY01757,旧スツセアネ,アフリカ
CTY01758,旧ナセタサチ,北米
CTY01759,旧コノウカチ,オセアニア
CTY01760,旧セイオテニ,南米
CTY01761,旧サヌタシネ,アフリカ
CTY01762,旧テコサカテ,アジア
CTY01763,旧オカテカソ,南米
CTY01764,旧ソキニソエ,アフリカ
CTY01765,旧ナヌタケネ,ヨーロッパ
CTY01766,旧タソオニト,北米
CTY01767,旧カヌチコウ,アジア
CTY01768,旧オキトウス,北米
CTY01769,旧シソキノス,北米
CTY01770,旧ククニソナ,オセアニア
CTY01771,旧スネソタナ,南米
CTY01772,旧エセカカス,アフリカ
CTY01773,旧アキキネヌ,アジア
CTY01774,旧タサクノシ,南米
CTY01775,旧トケセノク,ヨーロッパ
CTY01776,旧ソテセセコ,アフリカ
CTY01777,旧アカシヌク,北米
CTY01778,旧シウニオツ,アフリカ
CTY01779,旧アオタアノ,アジア
CTY01780,旧セエケクカ,アフリカ
CTY01781,旧カシチノオ,ヨーロッパ
CTY01782,旧ノコツイテ,北米
CTY01783,旧ヌカセキヌ,ヨーロッパ
CTY01784,旧セクサチソ,ヨーロッパ
CTY01785,旧ウイスネタ,北米
CTY01786,旧ケスサシコ,南米
CTY01787,旧スノササア,北米
CTY01788,旧タケシトア,アフリカ
CTY01789,旧カサアナニ,南米
CTY01790,旧カネシカス,アジア
CTY01791,旧ツケトツチ,北米
CTY01792,旧スシアコケ,オセアニア
CTY01793,旧イケカタタ,南米
CTY01794,旧シコイツサ,アフリカ
CTY01795,旧シアウオイ,アフリカ
CTY01796,旧スソトカケ,アジア
CTY01797,旧イエテノニ,アフリカ
CTY01798,旧クサコシニ,ヨーロッパ
CTY01799,旧テツイセエ,北米
CTY01800,旧ケシヌアト,北米
CTY01801,旧ステナウニ,南米
CTY01802,旧エセアイチ,南米
CTY01803,旧エカタナナ,オセアニア
CTY01804,旧ツオカオタ,アジア
CTY01805,旧セセコクツ,ヨーロッパ
CTY01806,旧アニソチス,アジア
CTY01807,旧スニカニタ,北米
CTY01808,旧クノオコク,南米
CTY01809,旧ニソウエオ,北米
CTY01810,旧ナサカカケ,アジア
CTY01811,旧イツサタキ,北米
CTY01812,旧テカナサク,アフリカ
CTY01813,旧ソタウイニ,北米
CTY01814,旧ツニオキチ,北米
CTY01815,旧ニニオキト,北米
CTY01816,旧ツイソエノ,北米
CTY01817,旧ツトネチノ,南米
CTY01818,旧ウエナソカ,アフリカ
CTY01819,旧オツクセニ,アフリカ
CTY01820,旧カケイセト,南米
CTY01821,旧セヌケツオ,アフリカ
CTY01822,旧ノノオケエ,アフリカ
CTY01823,旧イスニヌス,オセアニア
CTY01824,旧クネカサケ,北米
CTY01825,旧ネキカテエ,ヨーロッパ
CTY01826,旧エエヌカコ,南米
CTY01827,旧ヌイノコオ,アフリカ
CTY01828,旧アアネクネ,オセアニア
CTY01829,旧ナサエセス,アジア
CTY01830,旧コトサニテ,アジア
CTY01831,旧タサエツニ,ヨーロッパ
CTY01832,旧ケネノイエ,北米
CTY01833,旧アオキツシ,ヨーロッパ
CTY01834,旧キサエノネ,アフリカ
CTY01835,旧エニイシサ,オセアニア
CTY01836,旧エサタキコ,オセアニア
CTY01837,旧カソアツス,オセアニア
CTY01838,旧セウテテテ,ヨーロッパ
CTY01839,旧サスイサチ,アジア
CTY01840,旧イシサトテ,南米
CTY01841,旧ソセチセク,南米
CTY01842,旧タネセイケ,北米
CTY01843,旧エスヌトオ,アフリカ
CTY01844,旧エオキキオ,オセアニア
CTY01845,旧クテコナソ,南米
CTY01846,旧クヌアヌエ,ヨーロッパ
CTY01847,旧サタクニシ,北米
CTY01848,旧ニノチキツ,アフリカ
CTY01849,旧オスカアノ,ヨーロッパ
CTY01850,旧ニセトケヌ,アジア
CTY01851,旧コオクカキ,アジア
CTY01852,旧クトノキウ,アフリカ
CTY01853,旧コイシニト,オセアニア
CTY01854,旧イソサイテ,アジア
CTY01855,旧クカノテエ,北米
CTY01856,旧アタネケノ,ヨーロッパ
CTY01857,旧ウオサテセ,アジア
CTY01858,旧ノキナノア,アジア
CTY01859,旧セアノソシ,オセアニア
CTY01860,旧ニコオケタ,ヨーロッパ
CTY01861,旧ツクトカケ,アフリカ
CTY01862,旧タシチトチ,北米
CTY01863,旧スケシヌオ,アフリカ
CTY01864,旧ツケソセカ,北米
CTY01865,旧ヌオエツカ,ヨーロッパ
CTY01866,旧スソスヌト,ヨーロッパ
CTY01867,旧イオアスチ,アフリカ
CTY01868,旧ヌサクセト,アジア
CTY01869,旧カクケエオ,オセアニア
CTY01870,旧セコオノセ,北米
CTY01871,旧キテノウエ,南米
CTY01872,旧ノネツヌソ,ヨーロッパ
CTY01873,旧ニナクニノ,北米
CTY01874,旧ツノナソテ,ヨーロッパ
CTY01875,旧クキキクテ,南米
CTY01876,旧チシタコヌ,ヨーロッパ
CTY01877,旧セコシエイ,ヨーロッパ
CTY01878,旧シニトイイ,アフリカ
CTY01879,旧セナオナス,アフリカ
CTY01880,旧アツイウア,北米
CTY01881,旧ノオシエト,ヨーロッパ
CTY01882,旧サアイサニ,北米
CTY01883,旧コカウウウ,南米
CTY01884,旧トタナウツ,アフリカ
CTY01885,旧ソエキヌト,南米
CTY01886,旧セネセサシ,アジア
CTY01887,旧セセコナウ,北米
CTY01888,旧ケトスノニ,アフリカ
CTY01889,旧セケエチネ,アフリカ
CTY01890,旧ヌツツシス,南米
CTY01891,旧セエエテサ,北米
CTY01892,旧ニチナソア,北米
CTY01893,旧オヌキウツ,アフリカ
CTY01894,旧クキイエチ,アジア
CTY01895,旧エニソコエ,ヨーロッパ
CTY01896,旧イシサイア,ヨーロッパ
CTY01897,旧シセタトタ,ヨーロッパ
CTY01898,旧タスアトコ,アフリカ
CTY01899,旧ヌテノナイ,北米
CTY01900,旧スケチチタ,南米
CTY01901,旧ナヌチノネ,アジア
CTY01902,旧トヌクアア,アフリカ
CTY01903,旧イクコナオ,オセアニア
CTY01904,旧テエサネカ,ヨーロッパ
CTY01905,旧クケキネタ,ヨーロッパ
CTY01906,旧アコソケス,アフリカ
CTY01907,旧ケサヌセタ,ヨーロッパ
CTY01908,旧チカタタオ,アジア
CTY01909,旧タイキキノ,オセアニア
CTY01910,旧ツソテコサ,北米
CTY01911,旧ヌイオクヌ,北米
CTY01912,旧オサイツコ,南米
CTY01913,旧クススオナ,北米
CTY01914,旧ナサカコア,北米
CTY01915,旧ノスニアセ,南米
CTY01916,旧イオニケヌ,南米
CTY01917,旧タヌスクニ,アジア
CTY01918,旧ツノナナニ,アジア
CTY01919,旧セテケノソ,アジア
CTY01920,旧コナトサチ,オセアニア
CTY01921,旧トソアキシ,オセアニア
CTY01922,旧ツケセケテ,アフリカ
CTY01923,旧サイアトコ,アジア
CTY01924,旧イケキツコ,南米
CTY01925,旧ナエエスセ,アフリカ
CTY01926,旧ケテエテカ,アジア
CTY01927,旧ノクトノケ,ヨーロッパ
CTY01928,旧アトアノチ,南米
CTY01929,旧ササイイカ,アジア
CTY01930,旧ツツイカア,オセアニア
CTY01931,旧カネアノヌ,アフリカ
CTY01932,旧トカニニウ,アフリカ
CTY01933,旧セナスシサ,アフリカ
CTY01934,旧クケオクチ,北米
CTY01935,旧エノセソソ,アジア
CTY01936,旧エケサテセ,北米
CTY01937,旧ヌイテクシ,オセアニア
CTY01938,旧ケソクサエ,北米
CTY01939,旧コアオセシ,アフリカ
CTY01940,旧ウクウキア,ヨーロッパ
CTY01941,旧ノカトキチ,オセアニア
CTY01942,旧オササクオ,アフリカ
CTY01943,旧オソセエノ,アフリカ
CTY01944,旧トソトタア,ヨーロッパ
CTY01945,旧ヌチスケセ,アジア
CTY01946,旧アソシヌオ,アジア
CTY01947,旧ネヌチオケ,アフリカ
CTY01948,旧トトセチヌ,オセアニア
CTY01949,旧セノノキカ,ヨーロッパ
CTY01950,旧シナアケツ,オセアニア
CTY01951,旧セシツネセ,アジア
CTY01952,旧ノアノカノ,アジア
CTY01953,旧チオウナヌ,アジア
CTY01954,旧イチサチキ,アジア
CTY01955,旧ケアトシノ,ヨーロッパ
CTY01956,旧ソカアツウ,アフリカ
CTY01957,旧チテクケオ,アフリカ
CTY01958,旧クチコソク,南米
CTY01959,旧コケトシコ,南米
CTY01960,旧タシトスタ,アフリカ
CTY01961,旧ソセイシニ,オセアニア
CTY01962,旧エクオツノ,南米
CTY01963,旧イトテノカ,北米
CTY01964,旧ウカノタノ,アフリカ
CTY01965,旧テアテシス,アジア
CTY01966,旧ツテアコイ,北米
CTY01967,旧ヌツチオケ,アジア
CTY01968,旧イスナチセ,アジア
CTY01969,旧エカトカナ,北米
CTY01970,旧イウコウノ,アジア
CTY01971,旧カコイコエ,南米
CTY01972,旧ナケナコタ,南米
CTY01973,旧キニキニオ,オセアニア
CTY01974,旧トシイソキ,オセアニア
CTY01975,旧ソエコノノ,北米
CTY01976,旧クアテサケ,アジア
CTY01977,旧ウエテエニ,アフリカ
CTY01978,旧ノツノテコ,ヨーロッパ
CTY01979,旧チアスササ,北米
CTY01980,旧チセケクカ,南米
CTY01981,旧タヌネナタ,アジア
CTY01982,旧カイソソク,アフリカ
CTY01983,旧セニケサシ,ヨーロッパ
CTY01984,旧ニトクノシ,南米
CTY01985,旧セサヌケヌ,アジア
CTY01986,旧タクキトア,アフリカ
CTY01987,旧ストノチコ,北米
CTY01988,旧キサネチノ,オセアニア
CTY01989,旧キツイスサ,南米
CTY01990,旧タネスケト,アジア
CTY01991,旧ウノツクヌ,南米
CTY01992,旧オネヌトカ,オセアニア
CTY01993,旧コソイシト,アジア
CTY01994,旧ノノサシイ,南米
CTY01995,旧トキシウア,南米
CTY01996,旧ネテクノヌ,アフリカ
CTY01997,旧クタセタツ,アジア
CTY01998,旧ソウツニナ,南米
CTY01999,旧ニチノウカ,アフリカ
CTY02000,旧タニテチケ,オセアニア
